<?xml version="1.0" encoding="UTF-8" standalone="yes"?>
<beans xmlns="http://www.springframework.org/schema/beans" xmlns:ns2="http://www.springframework.org/schema/context" xmlns:ns3="http://www.ops4j.org/schema/wicket" xmlns:ns4="http://www.springframework.org/schema/osgi" xmlns:ns5="http://www.springframework.org/schema/osgi-compendium" xmlns:ns6="http://www.springframework.org/schema/util" xmlns:ns7="http://www.springframework.org/schema/tool" xmlns:xsi="http://www.w3.org/2001/XMLSchema-instance" xsi:schemaLocation="http://www.springframework.org/schema/beans http://www.springframework.org/schema/beans/spring-beans-3.1.xsd http://www.springframework.org/schema/context http://www.springframework.org/schema/context/spring-context-3.1.xsd http://www.springframework.org/schema/util http://www.springframework.org/schema/util/spring-util-3.1.xsd http://www.springframework.org/schema/osgi http://www.springframework.org/schema/osgi/spring-osgi.xsd http://www.springframework.org/schema/osgi-compendium http://www.springframework.org/schema/osgi-compendium/spring-osgi-compendium.xsd http://www.ops4j.org/schema/wicket http://www.ops4j.org/schema/wicket/wicket.xsd ">
    <description>server : BP Configuration generated by Atricore Identity Bus Server on 5 May 2016 14:32:10 GMT </description>
    <bean class="org.atricore.idbus.kernel.main.mediation.provider.BindingProviderImpl" name="server">
        <property name="name">
            <value>server</value>
        </property>
        <property name="role">
            <value>{urn:org:atricore:idbus:josso:metadata}JOSSOAgentDescriptor</value>
        </property>
        <property name="unitContainer">
            <ref bean="spring-boot-demo-container"/>
        </property>
        <property name="cotManager">
            <ref bean="spring-boot-demo-cot-manager"/>
        </property>
        <property name="stateManager">
            <ref bean="spring-boot-demo-state-manager"/>
        </property>
        <property name="bindingChannel">
            <ref bean="server-josso-binding-channel"/>
        </property>
    </bean>
    <bean class="org.atricore.idbus.capabilities.sso.management.internal.BindingProviderMBeanImpl" name="server-mbean">
        <property name="bindingProvider">
            <ref bean="server"/>
        </property>
    </bean>
    <bean class="org.springframework.jmx.export.MBeanExporter" name="server-mbean-exporter">
        <property name="server">
            <ref bean="mBeanServer"/>
        </property>
        <property name="beans">
            <map>
                <entry value-ref="server-mbean" key-ref="server-mbean-key"/>
            </map>
        </property>
    </bean>
    <bean class="java.lang.String" name="server-mbean-key">
        <constructor-arg type="java.lang.String" index="0">
            <value>com.atricore.idbus.spring.boot.demo.idau:type=BindingProvider,name=spring-boot-demo.server</value>
        </constructor-arg>
    </bean>
    <bean class="org.atricore.idbus.kernel.main.mediation.binding.BindingChannelImpl" name="server-josso-binding-channel">
        <property name="name">
            <value>server-josso-binding-channel</value>
        </property>
        <property name="description">
            <value>server</value>
        </property>
        <property name="federatedProvider">
            <ref bean="server"/>
        </property>
        <property name="location">
            <value>http://localhost:8081/IDBUS/SPRING-BOOT-DEMO/SERVER</value>
        </property>
        <property name="unitContainer">
            <ref bean="spring-boot-demo-container"/>
        </property>
        <property name="identityMediator">
            <ref bean="server-binding-mediator"/>
        </property>
        <property name="endpoints">
            <list>
                <bean class="org.atricore.idbus.kernel.main.mediation.endpoint.IdentityMediationEndpointImpl" name="server-binding-ssop-slo-artifact">
                    <property name="name">
                        <value>server-binding-ssop-slo-artifact</value>
                    </property>
                    <property name="type">
                        <value>{urn:org:atricore:idbus:sso:metadata}SingleLogoutService</value>
                    </property>
                    <property name="binding">
                        <value>urn:org:atricore:idbus:sso:bindings:HTTP-Artifact</value>
                    </property>
                    <property name="location">
                        <value>/SSO/SLO/ARTIFACT</value>
                    </property>
                </bean>
                <bean class="org.atricore.idbus.kernel.main.mediation.endpoint.IdentityMediationEndpointImpl" name="server-binding-ssop-acs-artifact">
                    <property name="name">
                        <value>server-binding-ssop-acs-artifact</value>
                    </property>
                    <property name="type">
                        <value>{urn:org:atricore:idbus:sso:metadata}AssertionConsumerService</value>
                    </property>
                    <property name="binding">
                        <value>urn:org:atricore:idbus:sso:bindings:HTTP-Artifact</value>
                    </property>
                    <property name="location">
                        <value>/SSO/ACS/ARTIFACT</value>
                    </property>
                </bean>
                <bean class="org.atricore.idbus.kernel.main.mediation.endpoint.IdentityMediationEndpointImpl" name="server-binding-josso-sso-redir">
                    <property name="name">
                        <value>server-binding-josso-sso-redir</value>
                    </property>
                    <property name="type">
                        <value>{urn:org:atricore:idbus:capabilities:josso:services}SingleSignOnService</value>
                    </property>
                    <property name="binding">
                        <value>urn:org:atricore:idbus:sso:bindings:HTTP-Redirect</value>
                    </property>
                    <property name="location">
                        <value>/JOSSO/SSO/REDIR</value>
                    </property>
                </bean>
                <bean class="org.atricore.idbus.kernel.main.mediation.endpoint.IdentityMediationEndpointImpl" name="server-binding-josso-slo-redir">
                    <property name="name">
                        <value>server-binding-josso-slo-redir</value>
                    </property>
                    <property name="type">
                        <value>{urn:org:atricore:idbus:capabilities:josso:services}SingleLogoutService</value>
                    </property>
                    <property name="binding">
                        <value>urn:org:atricore:idbus:sso:bindings:HTTP-Redirect</value>
                    </property>
                    <property name="location">
                        <value>/JOSSO/SLO/REDIR</value>
                    </property>
                </bean>
                <bean class="org.atricore.idbus.kernel.main.mediation.endpoint.IdentityMediationEndpointImpl" name="server-binding-josso-ssoidm-soap">
                    <property name="name">
                        <value>server-binding-josso-ssoidm-soap</value>
                    </property>
                    <property name="type">
                        <value>{urn:org:atricore:idbus:capabilities:josso:services}SSOIdentityManager</value>
                    </property>
                    <property name="binding">
                        <value>urn:org:atricore:idbus:capabilities:josso:bindings:SOAP</value>
                    </property>
                    <property name="location">
                        <value>/JOSSO/SSOIdentityManager/SOAP</value>
                    </property>
                </bean>
                <bean class="org.atricore.idbus.kernel.main.mediation.endpoint.IdentityMediationEndpointImpl" name="server-binding-josso-ssoidp-soap">
                    <property name="name">
                        <value>server-binding-josso-ssoidp-soap</value>
                    </property>
                    <property name="type">
                        <value>{urn:org:atricore:idbus:capabilities:josso:services}SSOIdentityProvider</value>
                    </property>
                    <property name="binding">
                        <value>urn:org:atricore:idbus:capabilities:josso:bindings:SOAP</value>
                    </property>
                    <property name="location">
                        <value>/JOSSO/SSOIdentityProvider/SOAP</value>
                    </property>
                </bean>
                <bean class="org.atricore.idbus.kernel.main.mediation.endpoint.IdentityMediationEndpointImpl" name="server-binding-josso-ssosm-soap">
                    <property name="name">
                        <value>server-binding-josso-ssosm-soap</value>
                    </property>
                    <property name="type">
                        <value>{urn:org:atricore:idbus:capabilities:josso:services}SSOSessionManager</value>
                    </property>
                    <property name="binding">
                        <value>urn:org:atricore:idbus:capabilities:josso:bindings:SOAP</value>
                    </property>
                    <property name="location">
                        <value>/JOSSO/SSOSessionManager/SOAP</value>
                    </property>
                </bean>
            </list>
        </property>
    </bean>
    <bean class="org.atricore.idbus.capabilities.josso.main.JossoMediator" name="server-binding-mediator">
        <property name="logMessages">
            <value>true</value>
        </property>
        <property name="bindingFactory">
            <bean class="org.atricore.idbus.capabilities.josso.main.binding.JossoBindingFactory"/>
        </property>
        <property name="artifactQueueManager">
            <ref bean="artifactQueueManager"/>
        </property>
        <property name="errorUrl">
            <value>http://localhost:8081/IDBUS-UI/SPRING-BOOT-DEMO/SSO/ERROR</value>
        </property>
        <property name="warningUrl">
            <value>http://localhost:8081/IDBUS-UI/SPRING-BOOT-DEMO/SSO/WARN/POLICY-ENFORCEMENT</value>
        </property>
        <property name="logger">
            <bean class="org.atricore.idbus.kernel.main.mediation.camel.logging.DefaultMediationLogger" name="server-mediation-logger">
                <property name="category">
                    <value>com.atricore.idbus.spring.boot.demo.wire.server</value>
                </property>
                <property name="messageBuilders">
                    <list>
                        <bean class="org.atricore.idbus.capabilities.josso.main.binding.logging.JossoLogMessageBuilder"/>
                        <bean class="org.atricore.idbus.kernel.main.mediation.camel.component.logging.CamelLogMessageBuilder"/>
                        <bean class="org.atricore.idbus.kernel.main.mediation.camel.component.logging.HttpLogMessageBuilder"/>
                    </list>
                </property>
            </bean>
        </property>
        <property name="partnerAppMappings">
            <map>
                <entry>
                    <key>
                        <value>sp</value>
                    </key>
                    <bean class="org.atricore.idbus.capabilities.josso.main.PartnerAppMapping" name="server-partnerapp-partnerapp-mapping">
                        <property name="partnerAppId">
                            <value>sp</value>
                        </property>
                        <property name="spAlias">
                            <value>http://localhost:8081/IDBUS/SPRING-BOOT-DEMO/SP/SAML2/MD</value>
                        </property>
                        <property name="partnerAppSLO">
                            <value>http://localhost:8080/partnerapp</value>
                        </property>
                        <property name="partnerAppACS">
                            <value>http://localhost:8080/partnerapp/josso_security_check</value>
                        </property>
                    </bean>
                </entry>
            </map>
        </property>
    </bean>
</beans>
