<?xml version="1.0" encoding="UTF-8" standalone="yes"?>
<beans xmlns="http://www.springframework.org/schema/beans" xmlns:ns2="http://www.springframework.org/schema/context" xmlns:ns3="http://www.ops4j.org/schema/wicket" xmlns:ns4="http://www.springframework.org/schema/osgi" xmlns:ns5="http://www.springframework.org/schema/osgi-compendium" xmlns:ns6="http://www.springframework.org/schema/util" xmlns:ns7="http://www.springframework.org/schema/tool" xmlns:xsi="http://www.w3.org/2001/XMLSchema-instance" xsi:schemaLocation="http://www.springframework.org/schema/beans http://www.springframework.org/schema/beans/spring-beans-3.1.xsd http://www.springframework.org/schema/context http://www.springframework.org/schema/context/spring-context-3.1.xsd http://www.springframework.org/schema/util http://www.springframework.org/schema/util/spring-util-3.1.xsd http://www.springframework.org/schema/osgi http://www.springframework.org/schema/osgi/spring-osgi.xsd http://www.springframework.org/schema/osgi-compendium http://www.springframework.org/schema/osgi-compendium/spring-osgi-compendium.xsd http://www.ops4j.org/schema/wicket http://www.ops4j.org/schema/wicket/wicket.xsd ">
    <description>spring-boot-demo UI : IdAU Configuration generated by Atricore Console on 5 May 2016 14:32:10 GMT</description>
    <ns3:application injectionSource="spring" mountPoint="IDBUS-UI/SPRING-BOOT-DEMO/SSO" applicationName="spring-boot-demo-sso-ui" class="org.atricore.idbus.capabilities.sso.ui.internal.SSOUIApplication" id="spring-boot-demo-sso-ui"/>
    <bean class="org.atricore.idbus.capabilities.sso.ui.WebAppConfig" name="spring-boot-demo-sso-ui-cfg">
        <property name="appName">
            <value>spring-boot-demo-sso-ui</value>
        </property>
        <property name="unitName">
            <value>spring-boot-demo-mediation-unit</value>
        </property>
        <property name="mountPoint">
            <value>IDBUS-UI/SPRING-BOOT-DEMO/SSO</value>
        </property>
        <property name="brandingId">
            <value>josso2-default-branding</value>
        </property>
    </bean>
    <ns4:service ref="spring-boot-demo-sso-ui-cfg" interface="org.atricore.idbus.capabilities.sso.ui.WebAppConfig" id="spring-boot-demo-sso-ui-cfg-osgi"/>
    <ns3:application injectionSource="spring" mountPoint="IDBUS-UI/SPRING-BOOT-DEMO/OPENID" applicationName="spring-boot-demo-openid-ui" class="org.atricore.idbus.capabilities.openid.ui.internal.OpenIDIdPApplication" id="spring-boot-demo-openid-ui"/>
    <bean class="org.atricore.idbus.capabilities.sso.ui.WebAppConfig" name="spring-boot-demo-openid-ui-cfg">
        <property name="appName">
            <value>spring-boot-demo-openid-ui</value>
        </property>
        <property name="mountPoint">
            <value>IDBUS-UI/SPRING-BOOT-DEMO/OPENID</value>
        </property>
        <property name="brandingId">
            <value>josso2-default-branding</value>
        </property>
    </bean>
    <ns4:service ref="spring-boot-demo-openid-ui-cfg" interface="org.atricore.idbus.capabilities.sso.ui.WebAppConfig" id="spring-boot-demo-openid-ui-cfg-osgi"/>
</beans>
